<?xml version="1.0" encoding="UTF-8"?>
<!DOCTYPE mapper
PUBLIC "-//mybatis.org//DTD Mapper 3.0//EN"
"http://mybatis.org/dtd/mybatis-3-mapper.dtd">
 
<mapper namespace="externalactivity">

<resultMap type="ExternalActivityDTO" id="ManyMap">
	<result property="actNum" column="actNum"/>
	<result property="actPeriod" column="actperiod"/>
	<result property="actSector" column="actsector"/>
	<result property="actContent" column="actcontent"/>
	<result property="memberID" column="memberID"/>
	<collection property="exActList" column="memberID" javaType="List" ofType="PersonalMemberDTO"
				resultMap="externalactivity.ExternalActivityDTOListMap"/>
</resultMap>
<resultMap type="PersonalMemberDTO" id="ExternalActivityDTOListMap">
	<result property="memberID" column="memberID"/>
</resultMap>

<select id="list" parameterType="Map" resultMap="ManyMap">
		select r.memberID, a.memberID, a.actNum, a.actPeriod, a.actSector, a.actContent
		from personalMember r, ExternalActivity a
		where r.memberID = a.memberID
		and r.memberID = #{memberID}
		order by actNum ASC
</select>

<select id="total" parameterType="String" resultType="int">
select count(*)
from ExternalActivity
where memberID = #{memberID}
</select>

<select id="read" parameterType="int" resultType="ExternalActivityDTO">
select * from ExternalActivity
where actNum = #{actNum}
</select>

<insert id="create" parameterType="ExternalActivityDTO">
insert into ExternalActivity (actNum, actPeriod, actSector, actContent, memberID)
	values ((select nvl(max(actNum),0)+1 from ExternalActivity), #{actPeriod}, #{actSector}, #{actContent}, #{memberID})
</insert>

<update id="update" parameterType="ExternalActivityDTO">
update ExternalActivity
set
actPeriod = #{actPeriod},
actSector = #{actSector},
actContent = #{actContent}
where actNum = #{actNum}
</update>

<delete id="delete" parameterType="int">
delete from ExternalActivity
where actNum = #{actNum}
</delete>

<delete id="deleteinfo" parameterType="String">
delete from ExternalActivity
where memberID = #{memberID}
</delete>
</mapper>