<?xml version="1.0" encoding="UTF-8"?>
<!DOCTYPE mapper
PUBLIC "-//mybatis.org//DTD Mapper 3.0//EN"
"http://mybatis.org/dtd/mybatis-3-mapper.dtd">
 
<mapper namespace="license">

<resultMap type="LicenseDTO" id="ManyMap">
	<result property="licenseNum" column="licenseNum"/>
	<result property="qualification" column="qualification"/>
	<result property="takeDate" column="takedate"/>
	<result property="memberID" column="memberID"/>
	<collection property="licenseList" column="memberID" javaType="List" ofType="PersonalMemberDTO"
				resultMap="license.LicenseDTOListMap"/>
</resultMap>
<resultMap type="PersonalMemberDTO" id="LicenseDTOListMap">
	<result property="memberID" column="memberID"/>
</resultMap>

<select id="list" parameterType="Map" resultMap="ManyMap">
		select  r.memberID, l.licenseNum, l.qualification, l.takedate
		from personalMember r, license l
		where r.memberID = l.memberID
		and r.memberID = #{memberID}
		order by licenseNum ASC
</select>

<select id="total" parameterType="String" resultType="int">
select count(*)
from license
where memberID = #{memberID}
</select>

<select id="read" parameterType="int" resultType="LicenseDTO">
select * from license
where licenseNum = #{licenseNum}
</select>

<insert id="create" parameterType="LicenseDTO">
insert into license (licenseNum, qualification, takeDate, memberID)
		values ((select nvl(max(licenseNum),0)+1 from license), #{qualification}, #{takeDate}, #{memberID})
</insert>

<update id="update" parameterType="LicenseDTO">
update license
set
qualification = #{qualification},
takeDate = #{takeDate}
where licenseNum = #{licenseNum}
</update>

<delete id="delete" parameterType="int">
delete from license
where licenseNum = #{licenseNum}
</delete>

<delete id="deleteinfo" parameterType="String">
delete from license
where memberID = #{memberID}
</delete>
</mapper>