<?xml version="1.0" encoding="UTF-8"?>
<!DOCTYPE mapper
PUBLIC "-//mybatis.org//DTD Mapper 3.0//EN"
"http://mybatis.org/dtd/mybatis-3-mapper.dtd">
 
<mapper namespace="externalactivity">

<resultMap type="ExternalActivityDTO" id="ManyMap">
	<result property="actNum" column="actNum"/>
	<result property="actPeriod" column="actperiod"/>
	<result property="actSector" column="actsector"/>
	<result property="actContent" column="actcontent"/>
	<result property="memberID" column="memberID"/>
	<collection property="exActList" column="memberID" javaType="List" ofType="ResumeInfoDTO"
				resultMap="externalactivity.ExternalActivityDTOListMap"/>
</resultMap>
<resultMap type="ResumeInfoDTO" id="ExternalActivityDTOListMap">
	<result property="memberID" column="memberID"/>
	<result property="education" column="education"/>
	<result property="career" column="career"/>
	<result property="employmentType" column="employmentType"/>
	<result property="exSalary" column="exSalary"/>
	<result property="disableGrade" column="disableGrade"/>
	<result property="picture" column="picture"/>
	<result property="exArea" column="exArea"/>
	<result property="exField" column="exField"/>
	<result property="military" column="military"/>
</resultMap>

<select id="list" parameterType="Map" resultMap="ManyMap">
select education, career, employmentType, exSalary,
	   disableGrade, picture, exArea, exField, military,
	   actNum, actPeriod, actSector, actContent, r
from(
	select education, career, employmentType, exSalary,
		   disableGrade, picture, exArea, exField, military,
		   actNum, actPeriod, actSector, actContent, rownum r
	from(
		select r.memberID, r.education, r.career, r.employmentType, r.exSalary,
			   r.disableGrade, r.picture, r.exArea, r.exField, r.military,
			   a.actNum, a.actPeriod, a.actSector, a.actContent
		from ResumeInfo r, ExternalActivity a
		where r.memberID = a.memberID
		and r.memberID = #{memberID}
		order by actNum ASC
	)
)
<![CDATA[
where r>=#{sno} and r<=#{eno}
]]>
</select>

<select id="read" parameterType="Map" resultType="ExternalActivityDTO">
select * from ExternalActivity
where actNum = #{actNum} and memberID = #{memberID}
</select>

<insert id="create" parameterType="ExternalActivityDTO">
insert into ExternalActivity (actNum, actPeriod, actSector, actContent, memberID)
	values ((select nvl(max(actNum),0)+1 from ExternalActivity), #{actPeriod}, #{actSector}, #{actContent}, #{memberID})
</insert>

<update id="update" parameterType="ExternalActivityDTO">
update ExternalActivity
set
actPeriod = #{actPeriod},
actSector = #{actSector},
actContent = #{actContent}
where actNum = #{actNum} and memberID = #{memberID}
</update>

<delete id="delete" parameterType="Map">
delete from ExternalActivity
where actNum = #{actNum} and memberID = #{memberID}
</delete>

<delete id="deleteinfo" parameterType="String">
delete from ExternalActivity
where memberID = #{memberID}
</delete>
</mapper>