<?xml version="1.0" encoding="UTF-8"?>
<!DOCTYPE mapper
PUBLIC "-//mybatis.org//DTD Mapper 3.0//EN"
"http://mybatis.org/dtd/mybatis-3-mapper.dtd">

<mapper namespace="industrycategory">
<insert id="create" parameterType="IndustryCategoryDTO">
insert into industryCategory(categoryCode, categoryName)
values(#{categoryCode}, #{categoryName})
</insert>

<select id="read" resultType="IndustryCategoryDTO" parameterType="String">
select categoryCode, categoryName
from IndustryCategory
where categoryCode = #{categoryCode}
</select>

<delete id="delete" parameterType="String">
delete from industryCategory
where categoryCode = #{categoryCode}
</delete>

	<select id="list" resultType="IndustryCategoryDTO" parameterType="Map">

		select categoryCode, categoryName, r
		from(
		select categoryCode, categoryName, rownum r
		from(
		select categoryCode, categoryName
		from IndustryCategory
		<where>
			<choose>
				<when test="col=='categoryCode'">
					categoryCode like '%'||#{word}||'%'
				</when>
				<when test="col=='categoryName'">
					categoryName like '%'||#{word}||'%'
				</when>
			</choose>
		</where>
		ORDER BY categoryCode DESC

		)
		)                                                                            
   <![CDATA[                                                                        
   where r>=#{sno} and r<=#{eno}  
   ]]>
	</select>




<select id="total" parameterType="Map" resultType="int">
		select count(*) from IndustryCategory
		<where>
			<choose>
				<when test="col=='name'">
					name LIKE '%' || #{word} || '%'
				</when>

			</choose>
		</where>
	</select>



</mapper>