<?xml version="1.0" encoding="UTF-8"?>
<!DOCTYPE mapper
PUBLIC "-//mybatis.org//DTD Mapper 3.0//EN"
"http://mybatis.org/dtd/mybatis-3-mapper.dtd">

<mapper namespace="reply">

<select id="rcount" parameterType="int" resultType="int">
     SELECT count(*) FROM reply
     WHERE noticeNum = #{noticeNum}
</select>
<insert id="create" parameterType="replyDTO">
<selectKey keyProperty="replyNum" resultType="int" order="BEFORE">
select nvl(max(replyNum),0)+1 from reply 
</selectKey>
insert into reply(replyNum, content, regDate, id, noticeNum)
values(#{replyNum}, #{content}, sysDate, #{id}, #{noticeNum}) 
</insert>
 
<select id="read" parameterType="int" resultType="replyDTO">
select * from reply
where replyNum = #{replyNum}
</select>
 
<update id="update" parameterType="replyDTO">
update reply
set content = #{content}
where replyNum = #{replyNum}
</update>
 
<delete id="delete" parameterType="int">
delete from REPLY
where replyNum = #{replyNum}
</delete>

<delete id="bdelete" parameterType="int">
delete from REPLY
where noticeNum = #{noticeNum}
</delete>

<select id="list" parameterType="Map" resultType="replyDTO">
select replyNum, content, to_char(regDate,'yyyy-mm-dd') regDate, id, noticeNum, r
FROM(
	select replyNum, content, regDate, id, noticeNum, rownum r
	FROM(
		select replyNum, content, regDate, id, noticeNum
		from REPLY
		where noticeNum = #{noticeNum}
		order by replyNum DESC
	)
<![CDATA[
)WHERE r >= #{sno} and r <= #{eno}
]]>
</select>
 
<select id="total" parameterType="Map" resultType="int">
select count(*) from reply
where noticeNum=#{noticeNum}
</select>
</mapper>