<?xml version="1.0" encoding="UTF-8"?>
<!DOCTYPE mapper
PUBLIC "-//mybatis.org//DTD Mapper 3.0//EN"
"http://mybatis.org/dtd/mybatis-3-mapper.dtd">
 
<mapper namespace="resumedetail">

<resultMap type="ResumeDetailDTO" id="ManyMap">
	<result property="resumeNum" column="resumeNum"/>
	<result property="memberID" column="memberID"/>
	<result property="biograph" column="biograph"/>
	<result property="portfolio" column="Portfolio"/>
	<collection property="resumeList" column="memberID" javaType="List" ofType="ResumeInfoDTO"
				resultMap="resumedetail.ResumeDTOListMap"/>
</resultMap>
<resultMap type="ResumeInfoDTO" id="ResumeDTOListMap">
	<result property="memberID" column="memberID"/>
	<result property="education" column="education"/>
	<result property="career" column="career"/>
	<result property="employmentType" column="employmentType"/>
	<result property="exSalary" column="exSalary"/>
	<result property="disableGrade" column="disableGrade"/>
	<result property="picture" column="picture"/>
	<result property="exArea" column="exArea"/>
	<result property="exField" column="exField"/>
	<result property="military" column="military"/>
</resultMap>

<select id="list" parameterType="Map" resultMap="ManyMap">
select memberID, education, career, employmentType, exSalary,
	   disableGrade, picture, exArea, exField, military,
	   ResumeNum, biograph, portfolio, r
from(
	select memberID, education, career, employmentType, exSalary,
		   disableGrade, picture, exArea, exField, military,
		   ResumeNum, biograph, portfolio, rownum r
	from(
		select r.memberID, r.education, r.career, r.employmentType, r.exSalary,
			   r.disableGrade, r.picture, r.exarea, r.exfield, r.military,
			   b.ResumeNum, b.Biograph, b.Portfolio
		from ResumeInfo r, ResumeDetail b
		where r.memberID = b.memberID
		and r.memberID = #{memberID}  
		order by ResumeNum ASC
	)
)
<![CDATA[
where r>=#{sno} and r<=#{eno}
]]>
</select>

<insert id="create" parameterType="ResumeDetailDTO">
insert into ResumeDetail (ResumeNum, memberID, biograph, portfolio)
	values ((select nvl(max(ResumeNum),0)+1 from ResumeDetail), #{memberID}, #{biograph}, #{portfolio})
</insert>


<delete id="delete" parameterType="Map">
delete from ResumeDetail
where ResumeNum = #{ResumeNum} and memberID = #{memberID}
</delete>
</mapper>